apartments_02,5,Vanity Tower,虚荣大厦
apartments_06,5,Tow Bit Tower,双子塔
apartment_brick_6_flr,5,Brick Apartment,6层砖房
factory_01,5,Shamway Factory,Shamway工厂
factory_02,5,Shotgun Messiah Factory,Messiah霰弹枪工厂
factory_03,5,Pop-N-Pills Factory,Pop-N-Pills工厂
factory_lg_01,5,Shamway Factory,大型Shamway工厂
factory_lg_02,5,Shotgun Messiah Factory,大型Messiah霰弹枪工厂
hospital_01,5,Navezgane General Hospital,Navezgane综合医院
hotel_ostrich,5,Ostrich Hotel,鸵鸟酒店
house_modern_23,5,Dr. Karen Higashi Residence,Karen Higashi博士住宅
installation_red_mesa,5,Red Mesa Compound,Red Mesa化工厂
nursing_home_01,5,The Last Sunset Nursing Home,夕阳疗养院
prison_01,5,Navezgane Corrections,Navezgane惩戒所
prison_02,5,Navezgane County Jail,Navezgane县监狱
skyscraper_01,5,Dishong Tower,Dishong塔
skyscraper_02,5,Crack-a-Book HQ,Crack-a-Book总部
skyscraper_03,5,Higashi Pharmaceutical,东制药公司
apartments_01,4,Good Life Apartments,美好生活公寓
army_camp_01,4,Fort Camo,1号军营
army_camp_02,4,Fort Bags,2号军营
army_camp_03,4,Fort Quonset,3号军营
army_camp_05,4,Fort Choppa,5号军营
bowling_alley_01,4,Pineballs Bowling,Pineballs保龄球馆
church_01,4,St. Moe's Cathedral,圣莫大教堂
city_center_01,4,Olgiddy & Brother Advertising,奥吉迪兄弟广告公司
countrytown_business_05,4,Butcher Pete's,屠夫皮特肉店
courthouse_med_01,4,Town Hall,市政厅
downtown_building_02,4,Pergola Apartments,凉亭公寓
downtown_building_03,4,Stand Tower,支架塔楼
downtown_strip_01,4,Flushing Rule Palace,法拉盛规则宫
downtown_strip_02,4,Richard Munchz Plaza,理查德-蒙茨广场
downtown_strip_03,4,Pete's Outlet,皮特折扣店
downtown_strip_04,4,Joe's Junction,乔的路口商店
downtown_strip_05,4,Downtown Marketplace,市中心商场
downtown_strip_07,4,Heart's Rent-a-Car,心动租车公司
downtown_strip_11,4,Diamond's Mens Club,钻石男士俱乐部
downtown_strip_12,4,NFD Downtown HQ,NFD市中心总部
farm_16,4,Judie Witch,朱迪女巫农场
gas_station_05,4,Pass-N-Gas Store 05,PN加油站05
hotel_01,4,Hotel Zombona,桑博纳酒店
house_burnt_06,4,Seedy Manor,西迪庄园
house_modern_18,4,Don Vittorio Spagetto Residence,唐-维斯住宅
house_modern_24,4,Jeffelon Zuckergates Estate,杰弗隆-扎克盖茨庄园
house_old_mansard_02,4,The Mortician's house,殡仪馆
house_old_mansard_06,4,The Fates Motel,命运汽车旅馆
house_old_mansard_07,4,The Wright Residence,莱特住宅
house_old_victorian_03,4,The Zavislak Residence,扎维斯拉克住宅
housing_development_01,4,Housing Development,在建房区
junkyard_01,4,Ecotrash Recycling Center,生态垃圾回收中心
parking_garage_02,4,ParKing Garage 02,2号停车库
restaurant_01,4,Restaurant Zelekt,Zelekt餐厅
roadside_checkpoint_01,4,NDC Checkpoint One,NDC 1号检查站
roadside_checkpoint_03,4,NDC Checkpoint Three,NDC 3号检查站
roadside_checkpoint_04,4,NDC Checkpoint Four,NDC 4号检查站
roadside_checkpoint_05,4,NDC Checkpoint Five,NDC 5号检查站
rural_drive_in_01,4,Coleman's Drive-In,科尔曼汽车旅馆
school_01,4,Navezgane High School,Navezgane高中
skyscraper_04,4,Tower Construction Site,塔楼施工现场
store_grocery_02,4,Super Shamway,超级山姆杂货店
store_gun_01,4,Shotgun Messiah Range,弥赛亚霰弹枪靶场
store_gun_02,4,Close Encounters Gun Range,近身射击场
store_hardware_03,4,Wasted Stiff's,废弃的五金店
utility_electric_co_02,4,Hybrid Energy,混合能源电力公司
utility_waterworks_01,4,Water Works,水厂
warehouse_01,4,OPS Logistics,OPS 物流中心
warehouse_03,4,Infested Warehouse,进料仓库
apartments_03,3,The Bend Apartments,班德公寓
army_barracks_01,3,U.S. Army Post 7,美国陆军7号哨所
army_camp_04,3,Fort Razor,雷泽堡4号军营
bank_02,3,Seemore Bank,西莫尔银行
bombshelter_02,3,Hexagon Hideaway,防空洞02
bowling_alley_02,3,Ballzstrike Bowling,Ballzstrike 保龄球馆
cabin_20,3,The Fire Pit Lodge,壁炉小屋
carlot_02,3,Carl's Cars,卡尔汽车公司
commercial_strip_03,3,Vick Garrison's Pedipawn,维克·加里森商场
commercial_strip_05,3,Elzner's Emporium,埃尔兹纳商场
countrytown_business_03,3,The Bear Den,熊窝商店
countrytown_business_08,3,Wildfire Camping,野火露营商店
countrytown_business_09,3,4 Ever Video,4 Ever视频
countrytown_business_11,3,Midway Clinic,中途诊所
countrytown_business_12,3,Jim & Tim's Bullets and Booze,吉姆和蒂姆的子弹与烈酒
country_junkyard_02,3,Atlas Metal Co.,阿特拉斯金属公司
diner_07,3,Navezgane Falls Diner,Navezgane瀑布餐厅
docks_03,3,Haulwell Freight Co.,豪威尔货运公司
downtown_building_01,3,Buy-N-Go Apartments,Buy-N-Go公寓
downtown_filler_02,3,Le Spank,Le Spank酒吧
downtown_filler_03,3,Schittz Law,希茨法律事务所
downtown_filler_06,3,Downtown Apartments,市中心公寓
downtown_filler_11,3,Fit Box,健身中心
downtown_filler_12,3,Town Square Apartments,城市广场公寓
downtown_filler_22,3,Gonuts Donuts,Gonuts 甜甜圈店
downtown_filler_23,3,HNN Bank,HNN银行
downtown_filler_24,3,Ann Hoing's Telemarketing,Ann的电话营销中心
downtown_filler_25,3,Mamma Pizza,妈妈披萨店
downtown_filler_27,3,OK Laundry,OK洗衣房
downtown_filler_30,3,KLZ Radio,KLZ 广播电台
downtown_filler_31,3,Downtown MeltDowns,市中心停车场
downtown_strip_09,3,Pop's Pawn & Bel's Bakery,Pop&Bel面包店
downtown_strip_10,3,The Boobie Trap,成人影院
farm_02,3,Scarecrow Fields,稻草人农场
farm_05,3,Fiery Farms,火热农场
farm_13,3,Mason Farms,梅森农场
farm_15,3,Hogzilla Ranch LLC.,Hogzilla牧场
fastfood_06,3,The Burgcaneer,Burgcaneer快餐店
field_concert_01,3,Shady Woods Amphitheatre,阴林露天剧场
fire_station_02,3,Fire Station 8,第8消防站
gas_station_12,3,Pass-N-Gas Plaza,PN加油站12
house_construction_05,3,Uninhabited Mansion,无人大厦
house_modern_02,3,The Nightstar Residence,夜之星公寓
house_modern_05,3,The Se?or Drogas Residence,德罗加斯住宅
house_modern_07,3,The LaGrega Residence,拉格雷加住宅
house_modern_21,3,The Hellenes Residence,海伦斯住宅
house_modern_26,3,The Last Party House,最后的聚会屋
house_modern_27,3,Almeida Residence,阿尔梅达住宅
house_modern_28,3,Pantelli Residence,潘泰利住宅
house_old_bungalow_01,3,The Vaecon Residence,韦康住宅
house_old_bungalow_11,3,Johnnytown,乔尼小屋
house_old_gambrel_03,3,Bob's Boars & Carl's Corn,鲍勃的野猪和卡尔的玉米之家
house_old_mansard_03,3,The Brett Residence,布雷特住宅
house_old_mansard_04,3,The Hyde Residence,海德住宅
house_old_modular_02,3,Bill Gearz Place,比尔-格尔茨旧屋
house_old_pyramid_01,3,The D. Smith Residence,史密斯住宅
house_old_pyramid_04,3,The Gully Residence,山沟住宅
house_old_ranch_02,3,The Redchurch Residence,雷德丘奇住宅
house_old_spanish_01,3,The Serrano Residence,塞拉诺住宅
house_old_tudor_06,3,The Rippon Residence,里彭住宅
house_old_victorian_01,3,Taylor Manor,泰勒庄园
house_old_victorian_04,3,The Neckarski Residence,内卡斯基住宅
house_old_victorian_09,3,The Grand Forks Estate,大福克斯庄园
lodge_01,3,Journey's End,旅途的终点-旅店
motel_03,3,Happy Sleep Motel,好梦汽车旅馆
motel_04,3,Greg's Motel,格雷格汽车旅馆
office_05,3,Tri-Med Group,Tri-Med集团办公楼
office_06,3,Abandoned Office Building,废弃办公楼
police_station_03,3,NPD 3rd Div.,NPD第三分部
post_office_02,3,Post Office 02,2号邮局
radio_station_01,3,KZL Radio Station,KZL广播电台
ranger_station_01,3,Ranger Station Alpha,阿尔法护林站
ranger_station_07,3,Ranger Station Golf,高尔夫护林站
restaurant_02,3,Bottomless Barrel Buffet,无底桶自助餐厅
rest_area_05,3,The Road Gentleman Truck Stop,公路绅士卡车站
roadside_checkpoint_02,3,NDC Checkpoint Two,NDC第二检查点
roadside_strip_01,3,Junkville Saloon,垃圾村酒吧
roadside_truckstop_01,3,Pass-N-Gas Plaza,Pass-N-Gas卡车站
rural_church_01,3,White Hill Church of God,白山上帝教堂
sawmill_01,3,Jack's Lumber Mill,杰克木材厂
school_daycare_02,3,Poopy Pants City Daycare,便便托儿所
store_book_02,3,Crack-A-Cafe,快克书店
store_clothing_01,3,Super Savage Country,超级野人国度衣店
store_clothing_02,3,Savage Country,野人国度衣店
store_discount_01,3,Three Dollar Store,三元店
store_grocery_03,3,Buy-N-Go Grocery,Buy-N-Go杂货店
store_hardware_02,3,Working Stiff Superstore,刚性五金店
store_pharmacy_02,3,Pop-N-Pills,Pop-N-Pills药店
utility_refinery_01,3,Pass-N-Gas Refinery,Pass-N-Gas炼油厂
utility_substation_01,3,Hybrid Energy Substation 01,1号混合能源变电站
warehouse_02,3,Shamway Warehouse,Shamway仓库
warehouse_05,3,Working Stiff Tools Warehouse,五金仓库
warehouse_06,3,OPS Distribution Center,OPS配送中心
warehouse_07,3,COC Chemicals,化学品仓库
warehouse_08,3,Johnson's Warehouses,约翰逊仓库
weigh_station_01,3,Weston Weigh Station,韦斯顿称重站
apartments_04,2,The Budget Burrows,拮据公寓
auto_mechanic_01,2,A1 Auto,A1自动机械所
bank_01,2,Piggy Bank,小猪银行
barn_02,2,Mason's Barn,梅森谷仓
barn_03,2,Boar Barn Fields,野猪场
body_shop_01,2,Collision Center,碰撞中心
bombshelter_01,2,Bart's Salvage,巴特救助站
business_burnt_01,2,O'malley Oats,奥麦利燕麦店
business_burnt_02,2,Navezgane Creamery,Navezgane奶油厂
cabin_03,2,The Harrison Residence,哈里森住宅
cabin_13,2,The Gladue Residence,格拉杜住宅
cabin_17,2,The Engall’s Residence,恩格尔住宅
cabin_18,2,Our Best Moments,美好时光住宅
carlot_01,2,Joey's Carlot,乔伊的卡洛特
cemetery_02,2,Crypts,Crypts
commercial_strip_01,2,Shady Square Shoppe,Shady Square Shoppe
commercial_strip_02,2,Treats Terrace,Treats Terrace
commercial_strip_04,2,Smorgasbord Square,斯莫尔格斯堡广场
countrytown_business_01,2,Bigg Buns,Bigg Buns
countrytown_business_02,2,Appliance Co.,家电公司
countrytown_business_04,2,Aldos Cabinet,Aldos橱柜
countrytown_business_06,2,Red Ruby's,红红宝石
countrytown_business_07,2,Maggie's Corner Cafe,Maggie's Corner咖啡馆
countrytown_business_14,2,Grumpy's Pub,脾气暴躁的酒吧
docks_02,2,Pal's Marina,帕尔码头
downtown_building_04,2,Blaze & Burns Offices,Blaze&Burns办公室
downtown_building_05,2,Bombshell News,炸弹新闻
downtown_business_06,2,Special Totz,特殊托茨
downtown_business_07,2,Doggos,Doggos
downtown_filler_01,2,Lazy Fitness,懒人健身
downtown_filler_13,2,Luigi's Pizza,路易吉披萨
downtown_filler_14,2,Post Office Apartment,邮局公寓
downtown_filler_15,2,Downtown Shamway,Shamway市中心
downtown_parking_lot_01,2,Downtown Evacuation Point,市中心疏散点
farm_01,2,Jericho Ranch,杰里科牧场
farm_03,2,Huenink Family Farms,Huenink家庭农场
farm_04,2,Animal Hospital,动物医院
farm_07,2,The Shady Swine,肮脏的猪
farm_08,2,Sweet Sweet Honey Pot Farms,甜蜜罐农场
farm_10,2,Red Barn Bed-n-Bath,红色谷仓床
farm_11,2,Smithstone Silos,Smithstone筒仓
farm_14,2,Hersh Farm,赫什农场
fastfood_07,2,NEW Mamma Pizza,新妈妈披萨
fire_station_01,2,Fire Station 7,消防站7
fire_station_04,2,NFD Engine 4,NFD引擎4
house_burnt_02,2,The Paciotti Residence,帕西奥蒂住宅
house_burnt_04,2,The Rendon Residence,伦顿住宅
house_burnt_05,2,The Byington Residence,Byington Residence
house_modern_01,2,The Nairn Residence,奈恩住宅
house_modern_03,2,The Draycott Residence,德雷科特住宅
house_modern_04,2,The Erickson Residence,埃里克森住宅
house_modern_06,2,The Barniskis Residence,Barniskis住宅
house_modern_08,2,The Contino Residence,康蒂诺住宅
house_modern_09,2,The Rua Residence,鲁阿住宅
house_modern_11,2,The McStab Residence,McStab住宅
house_modern_14,2,The Bennett Residence,贝内特住宅
house_modern_15,2,The Burnett Residence,伯内特住宅
house_modern_16,2,The Haug Residence,豪格住宅
house_modern_17,2,The Sinkhole House,沉孔屋
house_modern_19,2,The Broken Dreams house,“破碎的梦想”的房子
house_modern_22,2,The Johansen Residence,约翰森住宅
house_modern_29,2,The Parkins-Jordaan Residence,Parkins Jordaan Residence
house_old_bungalow_02,2,T. Thornbury Residence,T.Thornbury住宅
house_old_bungalow_03,2,Home of Jack Canada,Jack加拿大之家
house_old_bungalow_04,2,The Wotton Residence,Wotton Residence
house_old_bungalow_05,2,The Klemm Residence,克莱姆住宅
house_old_bungalow_06,2,A Sewage Problem,污水问题
house_old_bungalow_07,2,Film Fanatic's house,Film Fanatic的房子
house_old_bungalow_08,2,The McKean Residence,麦肯住宅
house_old_gambrel_01,2,The Hestnes Residence,赫斯特内斯住宅
house_old_gambrel_04,2,Bert Englund Residence,Bert Englund住宅
house_old_mansard_01,2,The Brown Residence,布朗公馆
house_old_modular_03,2,The Animal Hoarder,动物囤积
house_old_modular_04,2,The Wagner Residence,瓦格纳故居
house_old_pyramid_02,2,The McElveen Residence,McElveen住宅
house_old_pyramid_03,2,The Cartel House,卡特尔之家
house_old_ranch_03,2,The Goldsmith Residence,Goldsmith Residence
house_old_ranch_04,2,The Jensen Residence,詹森住宅
house_old_ranch_05,2,The McMillin Residence,麦克米林住宅
house_old_ranch_06,2,The Huenink Residence,Huenink住宅
house_old_ranch_07,2,The Brumit Residence,布鲁米特住宅
house_old_ranch_08,2,The Fermier Residence,费米尔住宅
house_old_ranch_09,2,The McCormick Residence,麦考密克住宅
house_old_ranch_11,2,The Hoarders' House,囤积者之家
house_old_tudor_01,2,The Asg?rd Residence,阿斯加德住宅
house_old_tudor_03,2,The Zeigler Residence,齐格勒住宅
house_old_tudor_04,2,R. Thornbury Residence,R.Thornbury住宅
house_old_tudor_05,2,The McLemore Residence,麦克勒莫尔住宅
house_old_victorian_02,2,The Lopez Residence,洛佩兹住宅
house_old_victorian_06,2,The Sandvik Residence,山特维克住宅
house_old_victorian_07,2,The Schweizer Residence,施韦泽住宅
house_old_victorian_10,2,The Curren Residence,柯伦住宅
house_old_victorian_11,2,The Philippe Residence,菲利普公寓
house_old_victorian_12,2,The Kostecky Residence,科斯特基住宅
industrial_business_08,2,P&B Machining Co.,P&B机械加工公司
motel_01,2,Nick's Motel,尼克汽车旅馆
office_02,2,Rise Realty,Rise Realty
office_03,2,Historic Office Suites,历史悠久的办公套房
office_04,2,Smarketing,Smarketing
oldwest_strip_01,2,Duke's General,公爵的将军
oldwest_strip_02,2,Mornin Lumber Hotel,Mornin Lumber酒店
parking_garage_03,2,My Spot Parking,我的定点停车
parking_lot_02,2,Mobile Field Hospital,流动野战医院
post_office_01,2,Downtown Post Office,市中心邮局
radio_station_02,2,ZMB Radio Station,ZMB电台
ranger_station_06,2,Ranger Station Echo,Ranger Station Echo
remnant_waste_05,2,Mo Power Components Factory,莫动力元件厂
roadside_restaurant_01,2,The Wagon Diner,马车餐厅
rural_outdoor_wedding_01,2,Bell Lake,贝尔湖
school_daycare_03,2,Fun-Gi Daycare,Fun Gi日托
store_autoparts_01,2,Oreally Auto,Oreally Auto
store_bakery_01,2,Ma Baker & Sons Bakery,马面包店
store_book_01,2,Crack-A-Book,Crack-A-Book
store_electronics_02,2,Mo Power Electronics,莫电力电子
store_grocery_01,2,Shamway,Shamway
store_hardware_01,2,Working Stiff Tools,工作刚性工具
utility_electric_co_01,2,Electric Co.,电气公司
utility_substation_02,2,Hybrid Energy Substation 02,2号混合能源变电站
warehouse_04,2,Blue Trailer Trucking,蓝色拖车运输
house_old_victorian_13,2,Victorian House 13,破旧维多利亚房子13
store_pawn_01,2,Vick Garisons Pawn,维克加里森斯典当行
mp_waste_bldg_01_red,1,Red Wasted Building 01,红色废弃楼房01
mp_waste_bldg_01_tan,1,Tan Wasted Building 01,棕色废弃楼房01
mp_waste_bldg_01_white,1,White Wasted Building 01,白色废弃楼房01
mp_waste_bldg_02_red,1,Red Wasted Building 02,红色废弃楼房02
mp_waste_bldg_02_tan,1,Tan Wasted Building 01,棕色废弃楼房02
mp_waste_bldg_04_grey,1,Grey Wasted Building 04,灰色废弃楼房04
mp_waste_bldg_04_red,1,Red Wasted Building 04,红色废弃楼房04
mp_waste_bldg_04_tan,1,Tan Wasted Building 04,棕色废弃楼房04
mp_waste_bldg_04_white,1,White Wasted Building 04,白色废弃楼房04
mp_waste_bldg_05_grey,1,Grey Wasted Building 05,灰色废弃楼房05
mp_waste_bldg_06_grey,1,Grey Wasted Building 06,灰色废弃楼房06
mp_waste_bldg_governer_08,1,Wasted Governer Building 08,废弃政府楼08
park_skate,1,Skate Park ,滑板公园
police_station1,1,Police Station ,警局
post_office_med_01,1,MD Post Office 01,中型邮局
post_office_sm_01,1,SM Post Office 01,小型邮局
settlement_01,1,Settlement 01,聚集地
skate_park_01,1,PowerBoost Skate Park,动力滑板公园
store_salon,1,Zoe Salon,Zoe发廊
junkyard_lg_01,1,LG Junkyard 01,1号大型垃圾场
junkyard_med_01,1,MD Junkyard 01,1号中型垃圾场
hotel_roadside_01,1,Roadside Hotel 01,路边酒店01
hotel_roadside_02,1,Roadside Hotel 02,路边酒店02
hotel_new_01,1,Hotel New 01,1号新酒店
garage_01,1,Garage 01,1号车库
garage_02,1,Garage 02,2号车库
garage_07,1,Garage 07,7号车库
church_graveyard1,1,church_graveyard,墓地教堂1
bombshelter_md_01,1,Bombshell Md 01,林中防空洞
bar_sm_01,1,Buzzs Bar,Buzzs酒吧
apartment_adobe_red_5_flr,1,Red Adobe Apartment,5层红色土坯房
bar_01,1,Buzz's Bar,巴斯酒吧
cabin_01,1,Willy's Cabin,威利的小屋
cabin_02,1,Marvin's Getaway,马文的逃亡
cabin_04,1,Wilbur's Place,威尔伯的住处
cabin_05,1,Shawn's Shack,Shawn’s Shack
cabin_06,1,Roberts Tack Shack,Roberts Tack Shack
cabin_07,1,The TJ Morales Residence,TJ Morales住宅
cabin_08,1,Johnson Family Cabin,约翰逊家庭小屋
cabin_09,1,Skeeter's Place,Skeeter's Place
cabin_10,1,The Knowbly Cabin,知识小屋
cabin_11,1,New Life Hope Cabin,新生活希望小屋
cabin_12,1,Allistair's Cabin,阿利斯泰尔的小屋
cabin_14,1,The Burns Cabin,伯恩斯小屋
cabin_15,1,The Presley Dwellers,普雷斯利住宅
cabin_16,1,The Broken Axe,破碎的斧头
cave_01,1,Steer Gulch,Steer Gulch
cave_02,1,Pete's Hidey Hole,皮特的藏身之处
cave_03,1,Mushroom Mining Co.,蘑菇矿业公司
cave_04,1,Hobo Cave,Hobo洞穴
cave_05,1,Nav Mt. Cave,Nav山洞穴
cemetery_01,1,Mausoleums,陵墓
church_02,1,Old Creepy Church,古老的克里皮教堂
church_sm_01,1,Navezgane Church of Brick,Navezgane砖砌教堂
countrytown_business_10,1,Bobcats Bar,山猫酒吧
countrytown_business_13,1,The Dead Rooster,死公鸡
deco_rubble_stone_04,1,deco_rubble_stone_04,deco_rubble_stone_04
deco_rubble_stone_05,1,deco_rubble_stone_05,deco_rubble_stone_05
diner_01,1,The Greasy Spoon,油腻的勺子
diner_02,1,Bob's Cafe,鲍勃咖啡馆
diner_03,1,Del's Cafe,德尔咖啡馆
diner_04,1,Dick's Diner,迪克餐厅
docks_01,1,BJ's Gas Dock,BJ的天然气码头
docks_05,1,Live Bait Dock,活饵码头
downtown_filler_04,1,downtown_filler_04,downtown_filler_04
downtown_filler_05,1,downtown_filler_05,downtown_filler_05
downtown_filler_08,1,downtown_filler_08,downtown_filler_08
downtown_filler_09,1,Century Outlet,世纪奥特莱斯
downtown_filler_21,1,downtown_filler_21,downtown_filler_21
downtown_filler_26,1,downtown_filler_26,downtown_filler_26
downtown_filler_29,1,downtown_filler_29,downtown_filler_29
downtown_strip_06,1,downtown_strip_06,downtown_strip_06
downtown_strip_08,1,downtown_strip_08,downtown_strip_08
farm_12,1,Abandoned Shady Shed Farms,废弃棚屋农场
fastfood_01,1,Prowlin Petes,Prowlin Peters
fastfood_02,1,Hurry Harry's,哈利的
fastfood_03,1,Blue Birdie,蓝色小鸟
fastfood_04,1,Fats Foods,脂肪类食品
fastfood_05,1,Beavers Restaurant,海狸餐厅
fire_station_03,1,Fire Haus 01,1号火屋
football_stadium,1,Navezgane Coliseum,Navezgane体育馆
funeral_home_01,1,Am-I-Gone Funeral Home,Am-I-Gone殡仪馆
gas_station_01,1,Pass-N-Gas Store 01,1号Pass-N-Gas商店
gas_station_02,1,Pass-N-Gas Store 02,2号Pass-N-Gas商店
gas_station_03,1,Pass-N-Gas Store 03,3号Pass-N-Gas商店
gas_station_04,1,Pass-N-Gas Store 04,4号Pass-N-Gas商店
gas_station_07,1,Pass-N-Gas Store 07,7号Pass-N-Gas商店
gas_station_08,1,Pass-N-Gas Store 08,8号Pass-N-Gas商店
gas_station_09,1,Pass-N-Gas Store 09,9号Pass-N-Gas商店
gas_station_10,1,Pass-N-Gas Store 10,10号Pass-N-Gas商店
gas_station_11,1,Jerry's Fill,杰瑞的填充物
house_burnt_01,1,The Owens Residence,欧文斯住宅
house_burnt_03,1,The Jacobs Residence,雅各布斯住宅
house_construction_01,1,The Roland Residence,罗兰公寓
house_construction_03,1,Garage 1st Construction,车库一期施工
house_construction_04,1,Deracinated Domicile,失联住所
house_country_01,1,Wango Barndo,Wango Barndo
house_modern_10,1,Bullis-Bates Estate,布利斯贝茨庄园
house_modern_12,1,The Eisele Residence,艾斯勒住宅
house_modern_13,1,The Hinton Residence,辛顿住宅
house_modern_20,1,The Barbosa Residence,Barbosa住宅
house_modern_25,1,Rosilyn Residence,Rosilyn住宅
house_old_bungalow_09,1,The Powell Residence,鲍威尔住宅
house_old_bungalow_10,1,The Crow Residence,Crow Residence
house_old_bungalow_12,1,The Reber Residence,Reber住宅
house_old_cottage_01_detail,1,house_old_cottage_01_detail,house_old_cottage_01_detail
house_old_cottage_01_sleeper,1,house_old_cottage_01_sleeper,house_old_cottage_01_sleeper
house_old_gambrel_02,1,The Richmond Residence,里士满住宅
house_old_mansard_05,1,Huskie Manor,哈士奇庄园
house_old_modular_01,1,The Purser Residence,管家住宅
house_old_modular_05,1,The Gilbert Residence,吉尔伯特住宅
house_old_modular_06,1,The Cook's Residence,库克故居
house_old_modular_07,1,Spark's Place,Spark的位置
house_old_modular_08,1,The Doll House,娃娃屋
house_old_pyramid_05,1,The Reed Residence,里德住宅
house_old_ranch_01,1,The Wetz Residence,Wetz Residence
house_old_ranch_10,1,The Malone Residence,马龙故居
house_old_tudor_02,1,The Williams Residence,威廉姆斯公寓
house_old_victorian_05,1,The Perkel Residence,珀克尔住宅
house_old_victorian_08,1,The Kenvyn Residence,Kenvyn Residence
lot_country_01,1,Black Bus Mechanical,黑色总线机械
lot_country_02,1,Shade Tree Auto,自动着色树
lot_vacant_05,1,Oskar's Dumpster,奥斯卡的垃圾桶
motel_02,1,Motel Seven,七号汽车旅馆
motel_05,1,Motel Eight,八号汽车旅馆
office_01,1,Echo Commons,Echo Commons
oldwest_business_01,1,Biskitz,Biskitz
oldwest_business_02,1,BJ Welding Co.,BJ焊接有限公司
oldwest_business_03,1,Fine Swines,优良的猪
oldwest_business_04,1,Bath Haus,巴斯豪斯
oldwest_business_06,1,Spitz Seeds,Spitz Seeds
oldwest_business_08,1,Undie Takers,Undie Takers
oldwest_business_10,1,Rifle Martyrs,步枪烈士
oldwest_business_11,1,Skamson Grocery,Skamson杂货店
oldwest_business_12,1,Cole's Books,科尔的书
oldwest_business_13,1,Swiggin Serum,Swiggin血清
oldwest_business_14,1,Lathan's Hardware,Lathan的硬件
oldwest_church,1,First Church of God,上帝的第一教会
oldwest_coal_factory,1,Bear-N-Land Coal Mining,Bear-N-Land煤矿
oldwest_strip_03,1,Bert's Brewery,伯特啤酒厂
oldwest_strip_04,1,Metal Works,金属工程
parking_lot_01,1,Park-n-Pay,Park-n-Pay
park_plaza_02,1,Departure Plaza,出发广场
potatofield_sm,1,potatofield_sm,potatofield_sm
radio_station_03,1,KZZ Radio Station,KZZ电台
ranger_station_02,1,Ranger Station Beta,游骑兵站测试版
ranger_station_03,1,Ranger Station Charlie,流浪者车站查理
ranger_station_04,1,Ranger Station Delta,三角洲游骑兵站
ranger_station_05,1,Ranger Station Foxtrot,游骑兵站狐步
remnant_downtown_filler_05,1,remnant_downtown_filler_05,remnant_downtown_filler_05
remnant_house_20,1,remnant_house_20,remnant_house_20
remnant_industrial_03,1,remnant_industrial_03,remnant_industrial_03
remnant_industrial_04,1,remnant_industrial_04,remnant_industrial_04
rest_area_03,1,Crotalus Rest Area,Crotalus休息区
rest_area_04,1,Buy-N-Go Rest Stop,Buy-N-Go Rest Stop
school_daycare_01,1,Poopy Pants Country Daycare,Poopy Pants乡村日托
store_electronics_01,1,MoPo-Shack,MoPo棚屋
store_grocery_04,1,Moe's Grocery,莫的杂货店
store_grocery_05,1,Boe's Market,Boe市场
store_grocery_06,1,Joe's USA,乔的美国
store_laundry_01,1,Dirty Laundry,脏衣服
store_pharmacy_01,1,Pop-N-Pills Mini-Mart,Pop-N-Pills迷你集市
survivor_site_01,1,Camp Carlson,卡尔森营
survivor_site_02,1,The Smokehouse,The Smokehouse
survivor_site_03,1,Radio Outpost,无线电前哨
survivor_site_04,1,Camp Deucenhalf,德乌森半营地
survivor_site_05,1,Mercy Point Camp,慈善点营地
survivor_site_06,1,Hog Foot Village,猪脚村
survivor_site_07,1,Camp Carwhal,Carwhal营地
survivor_site_08,1,The Simmons Shanty,西蒙斯Shanty
survivor_site_09,1,Caravan Carousel,大篷车旋转木马
survivor_site_10,1,Dug In Denizens,牛仔洞
survivor_site_11,1,Cabin Retreat,客舱休养
trailer_park_01,1,Honeysuckle Trailer Park,金银花拖车公园
utility_substation_03,1,Hybrid Energy Substation 03,3号混合能源变电站
abandoned_house_01,0,The MeMaw Residence,MeMaw住宅
abandoned_house_02,0,Jack & Sally's Getaway,杰克和莎莉的逃亡
abandoned_house_03,0,Luke's Vacation Rental,Luke度假租赁
abandoned_house_04,0,The Mimzy Residence,Mimzy住宅
abandoned_house_05,0,The Papaw Residence,教皇官邸
abandoned_house_06,0,Sal's Safehouse,Sal的安全屋
abandoned_house_07,0,The Clement Residence,克莱门特住宅
abandoned_house_08,0,The Rupert Residence,鲁珀特住宅
abandoned_house_09,0,The Dickens Retreat,狄更斯务虚会
barn_01,0,Hay Dude Fields,Hay Dude Fields
blueberryfield_sm,0,blueberryfield_sm,blueberryfield_sm
bluff01,0,bluff01,bluff01
bridge_asphalt1,0,bridge_asphalt1,bridge_asphalt1
bridge_asphalt_broken,0,bridge_asphalt_broken,bridge_asphalt_broken
bridge_concrete1,0,bridge_concrete1,bridge_concrete1
bridge_wood1,0,bridge_wood1,bridge_wood1
bridge_wood2,0,bridge_wood2,bridge_wood2
bus_stop_01,0,bus_stop_01,bus_stop_01
bus_wreck_01,0,bus_wreck_01,bus_wreck_01
canyon_car_wreck,0,canyon_car_wreck,canyon_car_wreck
canyon_cliff_dwellings,0,Canyon Cliff Dwellings,峡谷悬崖住宅
canyon_gift_shop,0,Canyon Gift Shop,Canyon礼品店
canyon_gift_shop_sign,0,canyon_gift_shop_sign,canyon_gift_shop_sign
canyon_mine,0,Canyon Mine,峡谷矿
cave_07,0,Rotten Cavern,腐烂的洞穴
commercial_site_01,0,commercial_site_01,commercial_site_01
commercial_site_02,0,commercial_site_02,commercial_site_02
commercial_strip_06,0,commercial_strip_06,commercial_strip_06
commercial_strip_07,0,commercial_strip_07,commercial_strip_07
commercial_strip_08,0,commercial_strip_08,commercial_strip_08
commercial_strip_09,0,commercial_strip_09,commercial_strip_09
commercial_strip_10,0,commercial_strip_10,commercial_strip_10
cornfield_lg,0,cornfield_lg,cornfield_lg
cornfield_med,0,cornfield_med,cornfield_med
cornfield_sm,0,cornfield_sm,cornfield_sm
country_junkyard_01,0,Junkin,Junkin
culvert_01,0,culvert_01,culvert_01
deco_coal_vein,0,deco_coal_vein,deco_coal_vein
deco_iron_vein,0,deco_iron_vein,deco_iron_vein
deco_lead_vein,0,deco_lead_vein,deco_lead_vein
deco_nitrate_vein,0,deco_nitrate_vein,deco_nitrate_vein
deco_remnant_stone_01,0,deco_remnant_stone_01,deco_remnant_stone_01
deco_remnant_stone_02,0,deco_remnant_stone_02,deco_remnant_stone_02
deco_remnant_stone_03,0,deco_remnant_stone_03,deco_remnant_stone_03
deco_remnant_stone_04,0,deco_remnant_stone_04,deco_remnant_stone_04
deco_remnant_stone_05,0,deco_remnant_stone_05,deco_remnant_stone_05
deco_remnant_wood_01,0,deco_remnant_wood_01,deco_remnant_wood_01
deco_remnant_wood_02,0,deco_remnant_wood_02,deco_remnant_wood_02
deco_rubble_stone_01,0,deco_rubble_stone_01,deco_rubble_stone_01
deco_rubble_stone_02,0,deco_rubble_stone_02,deco_rubble_stone_02
deco_rubble_stone_03,0,deco_rubble_stone_03,deco_rubble_stone_03
deco_rubble_stone_06,0,deco_rubble_stone_06,deco_rubble_stone_06
deco_rubble_stone_07,0,deco_rubble_stone_07,deco_rubble_stone_07
deco_rubble_stone_08,0,deco_rubble_stone_08,deco_rubble_stone_08
deco_rubble_stone_09,0,deco_rubble_stone_09,deco_rubble_stone_09
deco_rubble_stone_10,0,deco_rubble_stone_10,deco_rubble_stone_10
deco_shale_vein,0,deco_shale_vein,deco_shale_vein
departure_bridge_01,0,departure_bridge_01,departure_bridge_01
departure_bridge_02,0,departure_bridge_02,departure_bridge_02
departure_city_blk_01,0,Departure,离开
departure_city_blk_plaza,0,Departure Plaza,出发广场
departure_city_sign,0,departure_city_sign,departure_city_sign
desert_arch,0,desert_arch,desert_arch
desert_form01,0,desert_form01,desert_form01
desert_form02,0,desert_form02,desert_form02
desert_town_blk_01,0,desert_town_blk_01,desert_town_blk_01
desert_town_blk_02,0,desert_town_blk_02,desert_town_blk_02
diersville_city_blk_01,0,Diersville,Diersville
diersville_city_blk_02,0,Diersville,Diersville
diersville_city_sign_01,0,Diersville,Diersville
docks_04,0,Middleman Docks,Middleman码头
downtown_filler_07,0,downtown_filler_07,downtown_filler_07
downtown_filler_park_01,0,Loan Tree Park,贷款树公园
downtown_filler_park_02,0,Gazebo Park,Gazebo公园
downtown_filler_park_03,0,Crosswalk Park,十字路口公园
downtown_filler_park_04,0,Detour Park,Detour公园
downtown_filler_park_05,0,Arch Park,拱门公园
downtown_filler_plaza_01,0,Obelisk Plaza,方尖碑广场
downtown_filler_plaza_02,0,Square Water Plaza,广场水上广场
downtown_filler_plaza_03,0,Step Water Plaza,阶梯水广场
downtown_filler_plaza_04,0,Garden Plaza,花园广场
downtown_filler_plaza_05,0,Memorial Plaza,纪念广场
gas_station_06,0,Pass-N-Gas Store 06,6号Pass-N-Gas商店
gravestowne_city_blk_01,0,Gravestowne,Gravestowne
gravestowne_city_blk_half,0,Gravestowne,Gravestowne
gravestowne_city_blk_quarter,0,Gravestowne,Gravestowne
gravestowne_city_sign_01,0,Gravestowne,Gravestowne
gravestowne_street_crater_01,0,Gravestowne,Gravestowne
house_construction_02,0,Kodiak Construction,Kodiak建筑
house_old_cottage_01_path,0,house_old_cottage_01_path,house_old_cottage_01_path
hwy_overpass_sign_01,0,hwy_overpass_sign_01,hwy_overpass_sign_01
indian_burial_grounds_01,0,Taza Burial Grounds,塔扎墓地
large_park_01,0,Shady Pointe Park,Shady Pointe公园
large_park_02,0,Federal Plaza,联邦广场
lot_downtown_filler_01,0,Downtown Construction Site,市中心施工现场
lot_industrial_01,0,Service Co.,服务公司
lot_industrial_02,0,Trucking Co.,卡车运输公司
lot_industrial_03,0,Clunky Oil Co.,Clunky Oil Co
lot_industrial_04,0,Industrial Tank 01,1号工业储罐
lot_industrial_05,0,Busted Industrial Tank,Busted Industrial Tank
lot_industrial_06,0,Destroyed Industrial Tank,被摧毁的工业坦克
lot_industrial_07,0,Industrial Tank 02,2号工业储罐
lot_industrial_08,0,Leaking Industrial Tank,工业储罐泄漏
lot_industrial_09,0,Clunky Oil Co. Station,Clunky Oil Co.加油站
lot_industrial_10,0,Industrial Construction Site,工业建筑工地
lot_industrial_11,0,Power Distribution Station 01,1号配电站
lot_industrial_12,0,Industrial Construction Site,工业建筑工地
lot_industrial_13,0,Industrial Demolition Site,工业拆迁现场
lot_industrial_14,0,County Stockpile,郡库存
lot_industrial_15,0,Power Distribution Station 02,2号配电站
lot_industrial_16,0,Mo Power Service,Mo电力服务
lot_industrial_17,0,Construction Warehouse,施工仓库
lot_industrial_18,0,Carpet Warehouse,地毯仓库
lot_industrial_19,0,Derelict Warehouse,Derelict仓库
lot_industrial_20,0,Abandoned Depot.,废弃仓库
lot_rural_filler_01,0,Backpack Hill,背包山
lot_rural_filler_02,0,Blood Forest,血之森林
lot_rural_filler_03,0,Hay Field,干草场
lot_rural_filler_04,0,Sleepy Woods,瞌睡森林
lot_rural_filler_05,0,Lazy Timbers,懒惰的Timbers
lot_rural_filler_06,0,Wrong Harvester,错误的收割机
lot_rural_filler_07,0,Cobblestone Clearing,鹅卵石清理
lot_rural_filler_08,0,Anvil Acres,Anvil英亩
lot_rural_filler_09,0,Gentle Grove,温柔的树林
lot_rural_filler_10,0,Paul's Pay Lake,Paul’s Pay Lake
lot_rural_filler_11,0,Whispering Woodlands,低语的林地
lot_vacant_01,0,Container Lot,集装箱批次
lot_vacant_02,0,7 Hour Park,7小时停车
lot_vacant_03,0,Hobo Camp,Hobo营地
lot_vacant_04,0,Corona Wipes Billboard,Corona Wipes广告牌
lot_vacant_06,0,Shady Dawgs,Shady Dawgs
navezgane_waterfall_01,0,navezgane_waterfall_01,navezgane_waterfall_01
office_07,0,office_07,office_07
oldwest_business_05,0,Oil Tycoons,石油大亨
oldwest_business_07,0,Eric's Stuff,孙的东西
oldwest_business_09,0,Earl's Wine Shack,伯爵酒屋
oldwest_gallows,0,Gallows,Gallows
oldwest_jail,0,Old West Sheriff,老西部警长
oldwest_stables,0,The Lazy H,懒惰的H
oldwest_watertower,0,Old West Water Tower,老西水塔
parking_garage_01,0,ParKing Garage 01,1号ParKing车库
parking_garage_04,0,My Spot Mega-Parking,My Spot Mega Parking
parking_lot_03,0,ParKing Lot,停车场
park_01,0,Arbor Park,Arbor公园
park_02,0,Fountain Park,喷泉公园
park_03,0,Lone Pine Park,孤松公园
park_basketball,0,Basketball Court,篮球场
park_plaza_01,0,Waterfall Plaza,瀑布广场
perishton_church_parking,0,perishton_church_parking,perishton_church_parking
perishton_city_blk_01,0,Perishton,佩里什顿
perishton_city_blk_02,0,Perishton,佩里什顿
perishton_city_blk_03,0,Perishton,佩里什顿
perishton_city_blk_04,0,Perishton,佩里什顿
perishton_city_blk_05,0,Perishton,佩里什顿
perishton_city_blk_06,0,Perishton,佩里什顿
perishton_city_blk_plaza,0,Perishton,佩里什顿
perishton_city_sign_01,0,Perishton,佩里什顿
perishton_fence,0,perishton_fence,perishton_fence
perishton_median_01,0,Perishton,佩里什顿
perishton_median_02,0,Perishton,佩里什顿
perishton_median_03,0,Perishton,佩里什顿
perishton_outlet,0,Perishton,佩里什顿
perishton_riverdock,0,perishton_riverdock,perishton_riverdock
perishton_tile_downtown_straight,0,perishton_tile_downtown_straight,perishton_tile_downtown_straight
perishton_tunnel_01,0,Perishton Tunnel South,佩里什顿隧道南
perishton_tunnel_02,0,Perishton Tunnel North,佩里什顿隧道北
player_start1,0,player_start1,player_start1
player_start2,0,player_start2,player_start2
player_start3,0,player_start3,player_start3
player_start4,0,player_start4,player_start4
player_start5,0,player_start5,player_start5
player_start6,0,player_start6,player_start6
remnant_burnt_01,0,The Crisp Residence,Crisp Residence
remnant_burnt_02,0,The Cook Residence,库克住宅
remnant_burnt_03,0,The Kindle Residence,Kindle住宅
remnant_burnt_04,0,Burnt Cafe,Burnt咖啡馆
remnant_burnt_05,0,Jon's Ham Radios,乔恩火腿电台
remnant_burnt_06,0,Plating Co.,电镀公司
remnant_burnt_07,0,Krispy Kitchen,Krispy厨房
remnant_burnt_08,0,Mini Market,迷你市场
remnant_burnt_09,0,The Black Residence,黑人住宅
remnant_burnt_10,0,The Tan Residence,谭公馆
remnant_business_01,0,Shamway Processing,沙姆韦加工
remnant_business_02,0,Pop-N-Pills Urgent Care,Pop-N-Pills紧急护理
remnant_business_03,0,Country Crack-a-Book,Country Crack-a-Book
remnant_business_04,0,Deserted Working Stiff Tools,废弃的工作刚性工具
remnant_business_05,0,Ransacked Shotgun Messiah,被解雇的枪手弥赛亚
remnant_business_06,0,Kruz-Thru Liquors,Kruz-Tru利口酒
remnant_carwash_01,0,Auto Wash,自动清洗
remnant_church_01,0,Cathedral of the Fallen,堕落者大教堂
remnant_downtown_filler_01,0,Army Takeover,陆军接管
remnant_downtown_filler_02,0,Arkco Rusco,Arcco Rusco
remnant_downtown_filler_03,0,Fallen Rock Apartments,Fallen Rock公寓
remnant_downtown_filler_06,0,Shabby St. Outlet,Shabby St.奥特莱斯
remnant_downtown_filler_07,0,Abandoned Downtown Deli,废弃的市中心熟食店
remnant_downtown_filler_08,0,The View Offices,景观办公室
remnant_downtown_filler_09,0,Racy's,Racy’s
remnant_downtown_filler_11,0,Moda Bar,Moda酒吧
remnant_downtown_filler_12,0,Destroyed Pharmacy,被毁的药房
remnant_downtown_filler_14,0,Crumbled Mo' Power Store,破碎的莫电源
remnant_downtown_filler_15,0,Downtown Hotel,市中心酒店
remnant_downtown_filler_16,0,Decayed Office Tower,腐朽的办公楼
remnant_downtown_filler_17,0,Governor's Office,州长办公室
remnant_downtown_filler_18,0,Condemned Property,报废财产
remnant_gas_station_01,0,Wasted Pass-N-Gas,废气旁通-N-Gas
remnant_house_01,0,The Pokket Residence,波克特住宅
remnant_house_02,0,The Rodriguez Residence,罗德里格斯住宅
remnant_house_03,0,The Chikorina Residence,Chikorina住宅
remnant_house_04,0,The Splinter Residence,The Splinter Residence
remnant_house_05,0,Aves Manor,Aves庄园
remnant_house_06,0,The Lemon Residence,柠檬住宅
remnant_house_07,0,The White Residence,白色住宅
remnant_house_08,0,The Berry Residence,贝里住宅
remnant_house_09,0,Wax Manor,Wax Manor
remnant_house_10,0,The Collins Residence,柯林斯公寓
remnant_house_11,0,The Olive Residence,橄榄屋
remnant_house_12,0,The Azure Residence,Azure住宅
remnant_house_13,0,The Lincoln Residence,林肯故居
remnant_house_14,0,The Alabaster Residence,阿拉巴斯特住宅
remnant_house_15,0,The Washington Residence,华盛顿住宅
remnant_house_16,0,The Sky Residence,天空公寓
remnant_house_17,0,The Johnson Residence,约翰逊住宅
remnant_house_18,0,The Smoky Loft,烟雾阁楼
remnant_industrial_01,0,remnant_industrial_01,remnant_industrial_01
remnant_industrial_02,0,remnant_industrial_02,remnant_industrial_02
remnant_mill_01,0,Buddies Grain,Buddies Grain
remnant_oldwest_01,0,The Forgotten Wagon,被遗忘的马车
remnant_oldwest_02,0,The Breakdown,故障
remnant_oldwest_03,0,The Raid,突袭
remnant_oldwest_04,0,The Frontiersman,《拓荒者》
remnant_oldwest_05,0,The Runaway Spark,逃亡的火花
remnant_oldwest_06,0,The Hot Tub,热水浴缸
remnant_oldwest_07,0,Matchstick Hotel,Matchstick酒店
remnant_oldwest_08,0,The Clutter Chest,杂乱的胸部
remnant_oldwest_09,0,Ruined Barn,破败的谷仓
remnant_skyscraper_01,0,Abandoned Office Tower,废弃办公楼
remnant_waste_01,0,BRR Ice Cream,BRR冰淇淋
remnant_waste_02,0,MeltDowns,MeltDowns
remnant_waste_03,0,Gray View Apartments,灰景公寓
remnant_waste_04,0,Zip Coffee,Zip咖啡
remnant_waste_06,0,Eye Kandy Company,Eye Kandy公司
remnant_waste_08,0,Box Factory,盒子工厂
remnant_waste_15,0,JD Shipping,京东航运
remnant_waste_16,0,Wasted Mo Power,废钼功率
remnant_waste_17,0,Nav Pest Control,Nav害虫防治
remnant_waste_18,0,Pristine Healthcare,Pristine Healthcare
remnant_waste_19,0,Wasted Office Suites,废弃的办公套房
rest_area_01,0,Canis Lupus Rest Area,犬狼疮休息区
rest_area_02,0,Arbor Loop Rest Area,Arbor Loop休息区
roadblock_01,0,roadblock_01,roadblock_01
roadside_park_01,0,Rest Area 7,休息区7
roadside_park_02,0,Shady Rest Area,破旧的休息区
road_railing_long_filled_01,0,road_railing_long_filled_01,road_railing_long_filled_01
rock_form01,0,rock_form01,rock_form01
rock_form02,0,rock_form02,rock_form02
rock_form03,0,rock_form03,rock_form03
rock_form04,0,rock_form04,rock_form04
rock_form05,0,rock_form05,rock_form05
rubble_downtown_filler_01,0,Leap's Faith,Leap的信仰
rubble_downtown_filler_02,0,King's View,国王的观点
rubble_downtown_filler_03,0,Fallen Brick Apartments,倒塌的砖砌公寓
rubble_downtown_filler_04,0,Hobo Heights Apartments,霍博高地公寓
rubble_downtown_filler_05,0,Oops Chemical Co.,Oops化学公司
rwg_bridge_end_01,0,rwg_bridge_end_01,rwg_bridge_end_01
rwg_bridge_tile_01,0,rwg_bridge_tile_01,rwg_bridge_tile_01
sign_260_east_speed_65,0,sign_260_east_speed_65,sign_260_east_speed_65
sign_260_west_speed_65,0,sign_260_west_speed_65,sign_260_west_speed_65
sign_73_north,0,sign_73_north,sign_73_north
sign_73_south,0,sign_73_south,sign_73_south
sign_albuquerque,0,sign_albuquerque,sign_albuquerque
sign_ansel_adams_river,0,sign_ansel_adams_river,sign_ansel_adams_river
sign_arrowhead_apache,0,sign_arrowhead_apache,sign_arrowhead_apache
sign_camp_fish,0,sign_camp_fish,sign_camp_fish
sign_caution,0,sign_caution,sign_caution
sign_hazardous_waste,0,sign_hazardous_waste,sign_hazardous_waste
sign_info_center1,0,sign_info_center1,sign_info_center1
sign_navezgane_natl_forest,0,sign_navezgane_natl_forest,sign_navezgane_natl_forest
sign_phoenix,0,sign_phoenix,sign_phoenix
sign_road_work,0,sign_road_work,sign_road_work
sign_school_25,0,sign_school_25,sign_school_25
sign_slow,0,sign_slow,sign_slow
sign_speed_25,0,sign_speed_25,sign_speed_25
sign_speed_35,0,sign_speed_35,sign_speed_35
sign_speed_45,0,sign_speed_45,sign_speed_45
sign_speed_55,0,sign_speed_55,sign_speed_55
sign_spillway_lake,0,sign_spillway_lake,sign_spillway_lake
sign_stop,0,sign_stop,sign_stop
sign_stop_4way,0,sign_stop_4way,sign_stop_4way
skyscraper_05,0,skyscraper_05,skyscraper_05
store_book_03,0,store_book_03,store_book_03
streets_essag,0,streets_essag,streets_essag
streets_tran_and_lang,0,streets_tran_and_lang,streets_tran_and_lang
street_apache,0,street_apache,street_apache
street_bell_courtland,0,street_bell_courtland,street_bell_courtland
street_coronado,0,street_coronado,street_coronado
street_courtland_apache,0,street_courtland_apache,street_courtland_apache
street_courtland_coronado,0,street_courtland_coronado,street_courtland_coronado
street_courtland_east_260,0,street_courtland_east_260,street_courtland_east_260
street_davis,0,street_davis,street_davis
street_huenink_courtland,0,street_huenink_courtland,street_huenink_courtland
street_lake_bell,0,street_lake_bell,street_lake_bell
street_light_01,0,street_light_01,street_light_01
street_light_02,0,street_light_02,street_light_02
street_maple,0,street_maple,street_maple
street_maple_courtland,0,street_maple_courtland,street_maple_courtland
street_private,0,street_private,street_private
street_tran_courtland,0,street_tran_courtland,street_tran_courtland
survivor_camp_01,0,Camp BBQ,营地烧烤
survivor_camp_02,0,Camp Bravo,布拉沃营地
survivor_camp_03,0,Camp Cardinal,红衣主教营
trader_bob,0,Trader Bob,商人Bob
trader_hugh,0,Trader Hugh,商人Hugh
trader_jen,0,Trader Jen,商人Jen
trader_joel,0,Trader Joel,商人Joel
trader_rekt,0,Trader Rekt,商人Rekt
trailer_01,0,The Leonard Residence,伦纳德住宅
trailer_02,0,The Bath Residence,巴斯住宅
trailer_03,0,The Thumb Residence,拇指公寓
trailer_04,0,Trailer Ranch,拖车牧场
utility_celltower_01,0,Cell Tower 01,Cell Tower 01
utility_celltower_02,0,Cell Tower 02,Cell Tower 02
water_tower_01,0,Water Tower 01,1号水塔
water_tower_02,0,Water Tower 02,2号水塔
water_tower_03,0,Water Tower 03,3号水塔
wilderness_filler_01,0,Shady Slaughter RV,Shady Slaughter RV
wilderness_filler_02,0,Eerie Echoes Campsite,Eerie Echoes营地
wilderness_filler_03,0,Hermit Hollow,隐士谷
wilderness_filler_04,0,Hunter's Retreat,猎人休养所
wilderness_filler_06,0,Overturned Trailer,翻转拖车
wilderness_filler_07,0,The Last Cook,最后的厨师
wilderness_filler_08,0,Lost Soldiers,迷失的士兵
wilderness_filler_09,0,Flesh Feast Falls,肉宴瀑布
wilderness_filler_10,0,The Mush Pit,蘑菇坑
wilderness_filler_11,0,Pump Substation,泵站
wilderness_filler_14,0,Alpha Den,Alpha Den
